{
  "id": "dice-soup",
  "title": "Dice Soup",
  "version": "1.0.1",
  "compatibility": {
    "minimum": "10",
    "verified": "12"
  },
  "relationships": {
    "requires": [
      {
        "id": "dice-so-nice",
        "type": "module",
        "compatibility": {}
      }
    ]
  },
  "description": "Additional textures for Dice So Nice using images from Unsplash",
  "authors": [
    {
      "name": "River",
      "discord": "riverstyx1255",
    }
  ],
   "scripts": [
      "scripts/textures.json"
   ],
  "url": "https://github.com/riverstyx09/Dice-Soup",
  "manifest": "https://github.com/riverstyx09/Dice-Soup/blob/master/module.json",
  "download": "https://github.com/riverstyx09/Dice-Soup/blob/master/download/v1.0.1/dice-soup.zip",
}
