{
  "id": "dice-soup",
  "title": "Dice Soup",
  "version": "2.1",
  "compatibility": {
    "minimum": "10",
    "verified": "13"
  },
  "relationships": {
    "requires": [
      {
        "id": "dice-so-nice",
        "type": "module"
      }
    ]
  },
  "description": "A bowl of customizable options for Dice So Nice.",
  "authors": [
    {
      "name": "River",
      "discord": "riverstyx1255"
    }
  ],
   "esmodules": [
      "scripts/textures.js"
   ],
  "url": "https://github.com/riverstyx09/Dice-Soup",
  "manifest": "https://github.com/riverstyx09/Dice-Soup/raw/master/module.json",
  "download": "https://github.com/riverstyx09/Dice-Soup/raw/master/download/v2.1/dice-soup.zip"
}
