{
  "id": "dice-soup",
  "title": "Dice Soup",
  "version": "3.2",
  "compatibility": {
    "minimum": "10",
    "verified": "13"
  },
  "relationships": {
    "requires": [
      {
        "id": "dice-so-nice",
        "type": "module"
      }
    ]
  },
  "description": "🔮Customizable options for Dice So Nice",
  "authors": [
    {
      "name": "River",
      "discord": "riverstyx1255"
    }
  ],
   "esmodules": [
      "scripts/textures.js"
   ],
   "media": [{
      "type": "setup",
      "url": "https://github.com/riverstyx09/Dice-Soup/raw/master/dicesoup_thumb.png",
      "thumbnail": "https://github.com/riverstyx09/Dice-Soup/raw/master/dicesoup_thumb.png"
    }
  ],
  "url": "https://github.com/riverstyx09/Dice-Soup",
  "readme": "https://github.com/riverstyx09/Dice-Soup/raw/master/README.md",
  "manifest": "https://github.com/riverstyx09/Dice-Soup/raw/master/module.json",
  "download": "https://github.com/riverstyx09/Dice-Soup/raw/master/download/dice-soup.zip"
}
