{"frames": {

"d20_1.webp":
{
	"frame": {"x":0,"y":0,"w":256,"h":256},
	"rotated": false,
	"trimmed": false,
	"spriteSourceSize": {"x":0,"y":0,"w":256,"h":256},
	"sourceSize": {"w":256,"h":256}
},
"d20_2.webp":
{
	"frame": {"x":256,"y":0,"w":256,"h":256},
	"rotated": false,
	"trimmed": false,
	"spriteSourceSize": {"x":0,"y":0,"w":256,"h":256},
	"sourceSize": {"w":256,"h":256}
},
"d20_3.webp":
{
	"frame": {"x":512,"y":0,"w":256,"h":256},
	"rotated": false,
	"trimmed": false,
	"spriteSourceSize": {"x":0,"y":0,"w":256,"h":256},
	"sourceSize": {"w":256,"h":256}
},
"d20_4.webp":
{
	"frame": {"x":768,"y":0,"w":256,"h":256},
	"rotated": false,
	"trimmed": false,
	"spriteSourceSize": {"x":0,"y":0,"w":256,"h":256},
	"sourceSize": {"w":256,"h":256}
},
"d20_5.webp":
{
	"frame": {"x":0,"y":256,"w":256,"h":256},
	"rotated": false,
	"trimmed": false,
	"spriteSourceSize": {"x":0,"y":0,"w":256,"h":256},
	"sourceSize": {"w":256,"h":256}
},
"d20_6.webp":
{
	"frame": {"x":256,"y":256,"w":256,"h":256},
	"rotated": false,
	"trimmed": false,
	"spriteSourceSize": {"x":0,"y":0,"w":256,"h":256},
	"sourceSize": {"w":256,"h":256}
},
"d20_7.webp":
{
	"frame": {"x":512,"y":256,"w":256,"h":256},
	"rotated": false,
	"trimmed": false,
	"spriteSourceSize": {"x":0,"y":0,"w":256,"h":256},
	"sourceSize": {"w":256,"h":256}
},
"d20_8.webp":
{
	"frame": {"x":768,"y":256,"w":256,"h":256},
	"rotated": false,
	"trimmed": false,
	"spriteSourceSize": {"x":0,"y":0,"w":256,"h":256},
	"sourceSize": {"w":256,"h":256}
},
"d20_9.webp":
{
	"frame": {"x":0,"y":512,"w":256,"h":256},
	"rotated": false,
	"trimmed": false,
	"spriteSourceSize": {"x":0,"y":0,"w":256,"h":256},
	"sourceSize": {"w":256,"h":256}
},
"d20_10.webp":
{
	"frame": {"x":256,"y":512,"w":256,"h":256},
	"rotated": false,
	"trimmed": false,
	"spriteSourceSize": {"x":0,"y":0,"w":256,"h":256},
	"sourceSize": {"w":256,"h":256}
},
"d20_11.webp":
{
	"frame": {"x":512,"y":512,"w":256,"h":256},
	"rotated": false,
	"trimmed": false,
	"spriteSourceSize": {"x":0,"y":0,"w":256,"h":256},
	"sourceSize": {"w":256,"h":256}
},
"d20_12.webp":
{
	"frame": {"x":768,"y":512,"w":256,"h":256},
	"rotated": false,
	"trimmed": false,
	"spriteSourceSize": {"x":0,"y":0,"w":256,"h":256},
	"sourceSize": {"w":256,"h":256}
},
"d20_13.webp":
{
	"frame": {"x":0,"y":768,"w":256,"h":256},
	"rotated": false,
	"trimmed": false,
	"spriteSourceSize": {"x":0,"y":0,"w":256,"h":256},
	"sourceSize": {"w":256,"h":256}
},
"d20_14.webp":
{
	"frame": {"x":256,"y":768,"w":256,"h":256},
	"rotated": false,
	"trimmed": false,
	"spriteSourceSize": {"x":0,"y":0,"w":256,"h":256},
	"sourceSize": {"w":256,"h":256}
},
"d20_15.webp":
{
	"frame": {"x":512,"y":768,"w":256,"h":256},
	"rotated": false,
	"trimmed": false,
	"spriteSourceSize": {"x":0,"y":0,"w":256,"h":256},
	"sourceSize": {"w":256,"h":256}
},
"d20_16.webp":
{
	"frame": {"x":768,"y":768,"w":256,"h":256},
	"rotated": false,
	"trimmed": false,
	"spriteSourceSize": {"x":0,"y":0,"w":256,"h":256},
	"sourceSize": {"w":256,"h":256}
},
"d20_17.webp":
{
	"frame": {"x":0,"y":1024,"w":256,"h":256},
	"rotated": false,
	"trimmed": false,
	"spriteSourceSize": {"x":0,"y":0,"w":256,"h":256},
	"sourceSize": {"w":256,"h":256}
},
"d20_18.webp":
{
	"frame": {"x":256,"y":1024,"w":256,"h":256},
	"rotated": false,
	"trimmed": false,
	"spriteSourceSize": {"x":0,"y":0,"w":256,"h":256},
	"sourceSize": {"w":256,"h":256}
},
"d20_19.webp":
{
	"frame": {"x":512,"y":1024,"w":256,"h":256},
	"rotated": false,
	"trimmed": false,
	"spriteSourceSize": {"x":0,"y":0,"w":256,"h":256},
	"sourceSize": {"w":256,"h":256}
},
"d20_20.webp":
{
	"frame": {"x":768,"y":1024,"w":256,"h":256},
	"rotated": false,
	"trimmed": false,
	"spriteSourceSize": {"x":0,"y":0,"w":256,"h":256},
	"sourceSize": {"w":256,"h":256}
}},
"meta": {
	"app": "https://www.codeandweb.com/texturepacker",
	"version": "1.0",
	"image": "toxin_2.webp",
	"format": "RGBA8888",
	"size": {"w":1024,"h":1280},
	"scale": "1",
	"smartupdate": "$TexturePacker:SmartUpdate:98578e4f04abcc6515df81a87ee3863c:f4f11b5dc41d217f6563dcc82eb6cc9f:a89b25a7a133ac6483094a8e6ad116af$"
}
}
